{
    "Debate_t1_n4": [
        [
            -0.3835934068786876,
            1.332739765510619
        ]
    ],
    "Blind": [
        [
            -0.14403088888888885,
            1.2333333333333334
        ],
        [
            -0.14403088888888885,
            1.2333333333333334
        ],
        [
            -0.14569566667407455,
            1.2183333333333333
        ],
        [
            -0.15114299940011997,
            1.2255555555555555
        ],
        [
            -0.14403088888888885,
            1.2333333333333334
        ]
    ],
    "Debate_t1_n2": [
        [
            -0.41804836036062987,
            1.41463712537984
        ]
    ]
}