{
    "Debate_t1_n4": 1.332739765510619,
    "Blind": 1.2287777777777777,
    "Debate_t1_n2": 1.41463712537984
}