{"asd_mean": {"log": 5.632109567466467, "brier": 1.2333333333333334, "logodds": 11.264219134932935, "accuracy": 0.63}, "asd_std": {"log": 5.3401503245447834, "brier": 1.1522924011629068, "logodds": 10.680300649089567, "accuracy": 0.577148161220323}, "jse_b0_mean": {"log": -0.8429918015635631, "brier": -0.3744444444444444, "logodds": 5.632109567466467, "accuracy": 0.68}, "jse_b0_std": {"log": 2.0132214512043918, "brier": 0.5751339081863275, "logodds": 5.3401503245447834, "accuracy": 0.466476151587624}, "jse_b1_mean": {"log": -0.6558420628123777, "brier": -0.23944444444444443, "logodds": 5.632109567466467, "accuracy": 0.68}, "jse_b1_std": {"log": 1.9860513680328513, "brier": 0.4595149751049241, "logodds": 5.3401503245447834, "accuracy": 0.466476151587624}, "jse_binf_mean": {"log": -0.6558420628123777, "brier": -0.23944444444444443, "logodds": 5.632109567466467, "accuracy": 0.68}, "jse_binf_std": {"log": 1.9860513680328513, "brier": 0.4595149751049241, "logodds": 5.3401503245447834, "accuracy": 0.466476151587624}, "ase_b0_mean": {"log": -0.38247978321477033, "brier": -0.27444444444444444, "logodds": 6.553133604164052, "accuracy": 0.73}, "ase_b0_std": {"log": 0.6130958462118407, "brier": 0.4423436460881606, "logodds": 4.158642042140552, "accuracy": 0.4439594576084623}, "ase_b1_mean": {"log": -0.2006049527333734, "brier": -0.14403088888888885, "logodds": 6.542583787624475, "accuracy": 0.7232623333333333}, "ase_b1_std": {"log": 0.3123839186013985, "brier": 0.2251793701248566, "logodds": 4.171310438096062, "accuracy": 0.4423104036421832}, "ase_binf_mean": {"log": -3.471896846545612, "brier": -0.8561111111111112, "logodds": 0.0, "accuracy": 0.365}, "ase_binf_std": {"log": 1.7733255380071926, "brier": 0.22527007111081493, "logodds": 0.0, "accuracy": 0.22197972880423114}}