{"asd_mean": {"log": 5.546937635552305, "brier": 1.2183333333333333, "logodds": 11.172116731263175, "accuracy": 0.63}, "asd_std": {"log": 5.350314421010907, "brier": 1.1519777679181908, "logodds": 10.657880023214634, "accuracy": 0.577148161220323}, "jse_b0_mean": {"log": -0.8429918015635631, "brier": -0.3744444444444444, "logodds": 5.632109567466467, "accuracy": 0.68}, "jse_b0_std": {"log": 2.0132214512043918, "brier": 0.5751339081863275, "logodds": 5.3401503245447834, "accuracy": 0.466476151587624}, "jse_b1_mean": {"log": -0.6581523740849947, "brier": -0.2411112222296301, "logodds": 5.6014067193866754, "accuracy": 0.6766664444296286}, "jse_b1_std": {"log": 1.9854214958563428, "brier": 0.45894536456362695, "logodds": 5.328302891088558, "accuracy": 0.4653672432781415}, "jse_binf_mean": {"log": -0.6593072986901758, "brier": -0.24194444444444443, "logodds": 5.586058365631588, "accuracy": 0.675}, "jse_binf_std": {"log": 1.9852063400976054, "brier": 0.4588851055803149, "logodds": 5.328940011607317, "accuracy": 0.46569840025492887}, "ase_b0_mean": {"log": -0.38247978321477033, "brier": -0.27444444444444444, "logodds": 6.553133604164052, "accuracy": 0.73}, "ase_b0_std": {"log": 0.6130958462118407, "brier": 0.4423436460881606, "logodds": 4.158642042140552, "accuracy": 0.4439594576084623}, "ase_b1_mean": {"log": -0.2029060537656233, "brier": -0.14569566667407455, "logodds": 6.511899360025418, "accuracy": 0.719929777762962}, "ase_b1_std": {"log": 0.31175214287185016, "brier": 0.22472479350277846, "logodds": 4.162864958249934, "accuracy": 0.4414681858440013}, "ase_binf_mean": {"log": -3.4293108805885306, "brier": -0.8486111111111111, "logodds": 0.046051201834879235, "accuracy": 0.365}, "ase_binf_std": {"log": 1.7965798090775427, "brier": 0.23271661222383389, "logodds": 0.4582036728936616, "accuracy": 0.22197972880423114}}