{"asd_mean": {"log": 4.220235887799615, "brier": 1.332739765510619, "logodds": 7.656991462628654, "accuracy": 0.68}, "asd_std": {"log": 4.044522258162619, "brier": 0.7496163730548995, "logodds": 6.749200348163415, "accuracy": 0.466476151587624}, "jse_b0_mean": {"log": -0.41657809914384997, "brier": -0.27686724428943654, "logodds": 3.279436357010922, "accuracy": 0.74}, "jse_b0_std": {"log": 0.6120729645560744, "brier": 0.4463967100214174, "logodds": 3.8478249770341733, "accuracy": 0.4386342439892262}, "jse_b1_mean": {"log": -0.34957408114485417, "brier": -0.22839187894775667, "logodds": 3.281035365546626, "accuracy": 0.7392640374539097}, "jse_b1_std": {"log": 0.4552922203751931, "brier": 0.3388878713056367, "logodds": 3.724829066246376, "accuracy": 0.3968331045332979}, "jse_binf_mean": {"log": -0.3643333856425403, "brier": -0.1908187908179313, "logodds": 3.828495731314327, "accuracy": 0.815}, "jse_binf_std": {"log": 0.7238494080490058, "brier": 0.29097395226499645, "logodds": 3.3746001740817073, "accuracy": 0.27977669667075566}, "ase_b0_mean": {"log": -0.5315475842483209, "brier": -0.3612308806530729, "logodds": 3.049497386801981, "accuracy": 0.68}, "ase_b0_std": {"log": 0.9722129621526445, "brier": 0.699453751653216, "logodds": 4.127162814377577, "accuracy": 0.466476151587624}, "ase_b1_mean": {"log": -0.5581562678842344, "brier": -0.3835934068786876, "logodds": 2.863870992067867, "accuracy": 0.6292329130746744}, "ase_b1_std": {"log": 0.6219271878901008, "brier": 0.45499008661560764, "logodds": 3.9654503270272303, "accuracy": 0.4372976619299526}, "ase_binf_mean": {"log": -2.7264118639181034, "brier": -0.9995865435330525, "logodds": -0.8956612252367981, "accuracy": 0.34}, "ase_binf_std": {"log": 1.7521575467806092, "brier": 0.27308019756691543, "logodds": 2.1531565808346174, "accuracy": 0.233238075793812}}