{"asd_mean": {"log": 5.622302274986352, "brier": 1.2255555555555555, "logodds": 11.165185259457576, "accuracy": 0.61}, "asd_std": {"log": 5.338685307188507, "brier": 1.1517249543056582, "logodds": 10.66446545204127, "accuracy": 0.5812916651733447}, "jse_b0_mean": {"log": -0.852799094043677, "brier": -0.38222222222222224, "logodds": 5.533075691991108, "accuracy": 0.66}, "jse_b0_std": {"log": 2.0110680085294494, "brier": 0.5739337940912697, "logodds": 5.363753093596523, "accuracy": 0.4737087712930805}, "jse_b1_mean": {"log": -0.6644972411854969, "brier": -0.24611011131107113, "logodds": 5.535866697510723, "accuracy": 0.66400199960008}, "jse_b1_std": {"log": 1.9848104577962329, "brier": 0.45982060224600463, "logodds": 5.360944182557863, "accuracy": 0.46978861728115057}, "jse_binf_mean": {"log": -0.6607457090524348, "brier": -0.24333333333333332, "logodds": 5.582592629728788, "accuracy": 0.67}, "jse_binf_std": {"log": 1.9850740005606236, "brier": 0.4590334719767848, "logodds": 5.332232726020635, "accuracy": 0.46486557196677836}, "ase_b0_mean": {"log": -0.3922870756948843, "brier": -0.2822222222222222, "logodds": 6.4540997286886945, "accuracy": 0.71}, "ase_b0_std": {"log": 0.6133948093132263, "brier": 0.4425431554599443, "logodds": 4.21062591006488, "accuracy": 0.45376205218153715}, "ase_b1_mean": {"log": -0.2097314357838733, "brier": -0.15114299940011997, "logodds": 6.44539830831397, "accuracy": 0.7065966666666667}, "ase_b1_std": {"log": 0.3192669565588956, "brier": 0.2311528964522579, "logodds": 4.220706452988828, "accuracy": 0.4527975288139281}, "ase_binf_mean": {"log": -3.4768004927856686, "brier": -0.86, "logodds": -0.049516937737678964, "accuracy": 0.355}, "ase_binf_std": {"log": 1.7737240561967007, "brier": 0.2267905434917513, "logodds": 0.4591519622690909, "accuracy": 0.22688102609076857}}