{
    "Consultancy_t1_n2": [
        [
            -0.07837514854534886,
            0.23813271775931055
        ],
        [
            -0.06512068242170405,
            0.4512456160241875
        ],
        [
            -0.07827780721043086,
            0.4114304705396391
        ],
        [
            -0.06951248739957039,
            0.2974036281179138
        ],
        [
            -0.07318671021566629,
            0.3436469135802469
        ]
    ],
    "Debate_t1_n4": [
        [
            -0.3835934068786876,
            1.332739765510619
        ],
        [
            -0.2242980019523793,
            1.3545949624778846
        ],
        [
            -0.18436728601391117,
            1.4826781261679856
        ],
        [
            -0.3796701914106655,
            1.3132710642812375
        ]
    ],
    "Blind": [
        [
            -0.14638444444444443,
            1.2626666666666666
        ],
        [
            -0.14403088888888885,
            1.2333333333333334
        ],
        [
            -0.14569566667407455,
            1.2183333333333333
        ],
        [
            -0.15114299940011997,
            1.2255555555555555
        ],
        [
            -0.14403088888888885,
            1.2333333333333334
        ]
    ],
    "Debate_t0_n4": [
        [
            -0.30790592419215235,
            1.308328484801296
        ],
        [
            -0.27507347422334655,
            1.3375469193632716
        ],
        [
            -0.17117892118027775,
            1.431509562484214
        ],
        [
            -0.3621758954839461,
            1.386717071431567
        ]
    ],
    "Consultancy_t0_n4": [
        [
            -0.05627157645061898,
            0.15762222222222222
        ],
        [
            -0.06299686594167636,
            0.3660577589896938
        ],
        [
            -0.06377365827194796,
            0.2521042468413445
        ],
        [
            -0.07522374487186226,
            0.32809675501738894
        ],
        [
            -0.0714105304490264,
            0.30930574597760746
        ]
    ],
    "Consultancy_t0_n2": [
        [
            -0.06406778493132843,
            0.1938752347661133
        ],
        [
            -0.06898330233469188,
            0.5280388777488344
        ],
        [
            -0.07774445652677428,
            0.3819986769963266
        ],
        [
            -0.07807972790553329,
            0.36577645477410436
        ],
        [
            -0.09429090858388468,
            0.3641668370998087
        ]
    ],
    "Debate_t1_n2": [
        [
            -0.34335097059815156,
            1.2441519244073433
        ],
        [
            -0.41804836036062987,
            1.41463712537984
        ],
        [
            -0.17918747612240105,
            1.3033254683507929
        ],
        [
            -0.4077647641277118,
            1.2776212628240766
        ]
    ],
    "Debate_t0_n2": [
        [
            -0.2971638126217699,
            1.3405717489086746
        ],
        [
            -0.4480372767635683,
            1.3067219620446895
        ],
        [
            -0.1811404592126381,
            1.3740644312041486
        ],
        [
            -0.4376229326682711,
            1.295620016194104
        ]
    ],
    "Consultancy_t1_n4": [
        [
            -0.05943024677536252,
            0.2215827947845805
        ],
        [
            -0.053135073536564,
            0.4155096908055071
        ],
        [
            -0.05270226399996896,
            0.30152908964139674
        ],
        [
            -0.05366150083541697,
            0.3097344923154447
        ],
        [
            -0.06214047214107683,
            0.3843815570672714
        ]
    ],
    "Propaganda": [
        [
            -0.0894204908225816,
            0.7963555555555556
        ],
        [
            -0.02852683811008556,
            1.5563999999999998
        ],
        [
            -0.09094101013323305,
            0.8737408051210092
        ],
        [
            -0.052239573070692,
            1.6099814058956918
        ],
        [
            -0.04230975532595409,
            1.3098
        ]
    ]
}