{
    "Consultancy_t1_n2": 0.34837186920425955,
    "Debate_t1_n4": 1.3708209796094317,
    "Blind": 1.2346444444444444,
    "Debate_t0_n4": 1.3660255095200873,
    "Consultancy_t0_n4": 0.2826373458096514,
    "Consultancy_t0_n2": 0.36677121627703746,
    "Debate_t1_n2": 1.3099339452405132,
    "Debate_t0_n2": 1.3292445395879042,
    "Consultancy_t1_n4": 0.3265475249228401,
    "Propaganda": 1.2292555533144514
}