{
    "Consultancy_t1_n2": [
        0.34837186920425955,
        0.2270333967422448,
        500
    ],
    "Debate_t1_n4": [
        1.3708209796094317,
        0.39821947565455457,
        400
    ],
    "Blind": [
        1.2346444444444444,
        0.5116559796205664,
        500
    ],
    "Debate_t0_n4": [
        1.3660255095200873,
        0.3767076551314571,
        399
    ],
    "Consultancy_t0_n4": [
        0.2826373458096514,
        0.2185385846423437,
        500
    ],
    "Consultancy_t0_n2": [
        0.36677121627703746,
        0.2278963713172871,
        500
    ],
    "Debate_t1_n2": [
        1.3099339452405132,
        0.3851468220056071,
        400
    ],
    "Debate_t0_n2": [
        1.3292445395879042,
        0.36936567529036113,
        400
    ],
    "Consultancy_t1_n4": [
        0.3265475249228401,
        0.2526164597978661,
        500
    ],
    "Propaganda": [
        1.2292555533144514,
        0.5999064519281088,
        500
    ]
}