{
    "Consultancy_t1_n2": [
        -0.5617815236688773,
        0.18571054364090944,
        500
    ],
    "Debate_t1_n4": [
        -0.19637761166749285,
        0.16586458412867297,
        400
    ],
    "Blind": [
        -0.23770648893036245,
        0.20252407667414749,
        500
    ],
    "Debate_t0_n4": [
        -0.17488199110639818,
        0.152966774052998,
        399
    ],
    "Consultancy_t0_n4": [
        -0.6258267329178974,
        0.18954501816349542,
        500
    ],
    "Consultancy_t0_n2": [
        -0.5452243416900615,
        0.1856106011479565,
        500
    ],
    "Debate_t1_n2": [
        -0.23308315409676741,
        0.1611538322341085,
        400
    ],
    "Debate_t0_n2": [
        -0.23963347321825734,
        0.17052352656337177,
        400
    ],
    "Consultancy_t1_n4": [
        -0.6291370917216486,
        0.1889001346173676,
        500
    ],
    "Propaganda": [
        -0.3411123044570616,
        0.29184551033596223,
        500
    ]
}