{
    "Consultancy_t1_n2": [
        [
            -0.07837514854534886,
            0.23813271775931055
        ],
        [
            -0.06512068242170405,
            0.4512456160241875
        ],
        [
            -0.07827780721043086,
            0.4114304705396391
        ],
        [
            -0.06951248739957039,
            0.2974036281179138
        ],
        [
            -0.07318671021566629,
            0.3436469135802469
        ]
    ],
    "Debate_t1_n4": [
        [
            -0.18577439320321049,
            1.477745086594296
        ],
        [
            -0.19079943966002957,
            1.481073923421948
        ],
        [
            -0.2715900109632847,
            1.333614710008071
        ],
        [
            -0.17171404079281363,
            1.5455204899553647
        ],
        [
            -0.3340481639548846,
            1.2752389896064984
        ]
    ],
    "Blind": [
        [
            -0.14638444444444443,
            1.2626666666666666
        ],
        [
            -0.14403088888888885,
            1.2333333333333334
        ],
        [
            -0.14569566667407455,
            1.2183333333333333
        ],
        [
            -0.15114299940011997,
            1.2255555555555555
        ],
        [
            -0.14403088888888885,
            1.2333333333333334
        ]
    ],
    "Debate_t0_n4": [
        [
            -0.20368309339296098,
            1.3873291110467076
        ],
        [
            -0.20204176785324912,
            1.4431660497924497
        ],
        [
            -0.2319602105714605,
            1.3512108224425055
        ],
        [
            -0.21122888983332452,
            1.3624690370049135
        ],
        [
            -0.30642482966089124,
            1.2877269626258379
        ]
    ],
    "Consultancy_t0_n4": [
        [
            -0.05627157645061898,
            0.15762222222222222
        ],
        [
            -0.06299686594167636,
            0.3660577589896938
        ],
        [
            -0.06377365827194796,
            0.2521042468413445
        ],
        [
            -0.07522374487186226,
            0.32809675501738894
        ],
        [
            -0.0714105304490264,
            0.30930574597760746
        ]
    ],
    "Consultancy_t0_n2": [
        [
            -0.06406778493132843,
            0.1938752347661133
        ],
        [
            -0.06898330233469188,
            0.5280388777488344
        ],
        [
            -0.07774445652677428,
            0.3819986769963266
        ],
        [
            -0.07807972790553329,
            0.36577645477410436
        ],
        [
            -0.09429090858388468,
            0.3641668370998087
        ]
    ],
    "Debate_t1_n2": [
        [
            -0.29348202225725073,
            1.3780275453336301
        ],
        [
            -0.16226232997196985,
            1.4891747556996475
        ],
        [
            -0.3482065159962086,
            1.348300257991167
        ],
        [
            -0.17360682210707026,
            1.464001450600916
        ],
        [
            -0.2346598934151506,
            1.2361892141221924
        ]
    ],
    "Debate_t0_n2": [
        [
            -0.20351067467272954,
            1.4830845598845597
        ],
        [
            -0.20487528222753112,
            1.4202632129614603
        ],
        [
            -0.19918077390443265,
            1.3371705630387758
        ],
        [
            -0.18205840470833515,
            1.4312864179097642
        ],
        [
            -0.2702721036217668,
            1.2627984528354288
        ]
    ],
    "Consultancy_t1_n4": [
        [
            -0.05943024677536252,
            0.2215827947845805
        ],
        [
            -0.053135073536564,
            0.4155096908055071
        ],
        [
            -0.05270226399996896,
            0.30152908964139674
        ],
        [
            -0.05366150083541697,
            0.3097344923154447
        ],
        [
            -0.06214047214107683,
            0.3843815570672714
        ]
    ],
    "Propaganda": [
        [
            -0.0894204908225816,
            0.7963555555555556
        ],
        [
            -0.02852683811008556,
            1.5563999999999998
        ],
        [
            -0.09094101013323305,
            0.8737408051210092
        ],
        [
            -0.052239573070692,
            1.6099814058956918
        ],
        [
            -0.04230975532595409,
            1.3098
        ]
    ]
}