{
    "Consultancy_t1_n2": [
        0.34837186920425955,
        0.2270333967422448,
        500
    ],
    "Debate_t1_n4": [
        1.4226386399172355,
        0.32424787504436003,
        499
    ],
    "Blind": [
        1.2346444444444444,
        0.5116559796205664,
        500
    ],
    "Debate_t0_n4": [
        1.3663803965824828,
        0.32298143646728794,
        499
    ],
    "Consultancy_t0_n4": [
        0.2826373458096514,
        0.2185385846423437,
        500
    ],
    "Consultancy_t0_n2": [
        0.36677121627703746,
        0.2278963713172871,
        500
    ],
    "Debate_t1_n2": [
        1.3831386447495106,
        0.3384412431463697,
        500
    ],
    "Debate_t0_n2": [
        1.386920641325998,
        0.3253358689929243,
        500
    ],
    "Consultancy_t1_n4": [
        0.3265475249228401,
        0.2526164597978661,
        500
    ],
    "Propaganda": [
        1.2292555533144514,
        0.5999064519281088,
        500
    ]
}