{
    "Consultancy_t1_n2": 0.34837186920425955,
    "Debate_t1_n4": 1.4226386399172355,
    "Blind": 1.2346444444444444,
    "Debate_t0_n4": 1.3663803965824828,
    "Consultancy_t0_n4": 0.2826373458096514,
    "Consultancy_t0_n2": 0.36677121627703746,
    "Debate_t1_n2": 1.3831386447495106,
    "Debate_t0_n2": 1.386920641325998,
    "Consultancy_t1_n4": 0.3265475249228401,
    "Propaganda": 1.2292555533144514
}