{
    "Consultancy_t1_n2": [
        -0.5617815236688773,
        0.18571054364090944,
        500
    ],
    "Debate_t1_n4": [
        -0.14215647696296213,
        0.1266156550361552,
        499
    ],
    "Blind": [
        -0.23770648893036245,
        0.20252407667414749,
        500
    ],
    "Debate_t0_n4": [
        -0.15634072385152284,
        0.13623603337032264,
        499
    ],
    "Consultancy_t0_n4": [
        -0.6258267329178974,
        0.18954501816349542,
        500
    ],
    "Consultancy_t0_n2": [
        -0.5452243416900615,
        0.1856106011479565,
        500
    ],
    "Debate_t1_n2": [
        -0.15778334227891078,
        0.12730154410387542,
        500
    ],
    "Debate_t0_n2": [
        -0.15126549238800066,
        0.12528225378813496,
        500
    ],
    "Consultancy_t1_n4": [
        -0.6291370917216486,
        0.1889001346173676,
        500
    ],
    "Propaganda": [
        -0.3411123044570616,
        0.29184551033596223,
        500
    ]
}