{"asd_mean": {"log": 5.697760816445322, "brier": 1.41463712537984, "logodds": 9.290735299149581, "accuracy": 0.54}, "asd_std": {"log": 4.1401665336891265, "brier": 0.7022349133773349, "logodds": 6.768558514711508, "accuracy": 0.5180733538795447}, "jse_b0_mean": {"log": -0.7489599705109822, "brier": -0.34155033937554174, "logodds": 3.3744531666575965, "accuracy": 0.63}, "jse_b0_std": {"log": 1.8018115733758375, "brier": 0.5084484305700735, "logodds": 4.313403638647821, "accuracy": 0.4828043081829324}, "jse_b1_mean": {"log": -0.5466102253814806, "brier": -0.2792363853517209, "logodds": 3.361805515470287, "accuracy": 0.6240694987818282}, "jse_b1_std": {"log": 1.013239397504822, "brier": 0.3461336703860207, "logodds": 4.054813724246161, "accuracy": 0.44340232746492775}, "jse_binf_mean": {"log": -0.5120301515460555, "brier": -0.2159342564933445, "logodds": 4.645367649574791, "accuracy": 0.76}, "jse_binf_std": {"log": 1.0942913268975978, "brier": 0.30177066534461633, "logodds": 3.384279257355754, "accuracy": 0.2690724809414742}, "ase_b0_mean": {"log": -1.0342713193437711, "brier": -0.45712928674396275, "logodds": 2.8038304689920195, "accuracy": 0.56}, "ase_b0_std": {"log": 3.15623925597067, "brier": 0.8427984549502544, "logodds": 5.718091185577083, "accuracy": 0.4963869458396343}, "ase_b1_mean": {"log": -0.7899334740064003, "brier": -0.41804836036062987, "logodds": 2.875159018220449, "accuracy": 0.5344642352352139}, "ase_b1_std": {"log": 1.5962578826366365, "brier": 0.5184606705703512, "logodds": 4.650943712276531, "accuracy": 0.47777448520687504}, "ase_binf_mean": {"log": -3.7234358057487644, "brier": -1.09677090522473, "logodds": -1.7774436588306246, "accuracy": 0.28}, "ase_binf_std": {"log": 1.918630217937368, "brier": 0.3019357852693092, "logodds": 2.9063228470057205, "accuracy": 0.24819347291981714}}