{"asd_mean": {"log": 5.7201573200551445, "brier": 1.2494444444444444, "logodds": 11.441492470466853, "accuracy": 0.64}, "asd_std": {"log": 5.31910902316936, "brier": 1.147797004248993, "logodds": 10.576083524999577, "accuracy": 0.5748043145279966}, "jse_b0_mean": {"log": -0.8291298580023674, "brier": -0.3644444444444444, "logodds": 5.724211971136225, "accuracy": 0.69}, "jse_b0_std": {"log": 2.0142048920616675, "brier": 0.572859407913118, "logodds": 5.32161124607562, "accuracy": 0.46249324319388707}, "jse_b1_mean": {"log": -0.6512212943729374, "brier": -0.2361108889462893, "logodds": 5.693521896780154, "accuracy": 0.6866664444296287}, "jse_b1_std": {"log": 1.9864966313751735, "brier": 0.4588212823591318, "logodds": 5.310242964939597, "accuracy": 0.4614470091220707}, "jse_binf_mean": {"log": -0.6503500014190406, "brier": -0.2358333333333333, "logodds": 5.720746235233427, "accuracy": 0.685}, "jse_binf_std": {"log": 1.9866398416921074, "brier": 0.4589389097031392, "logodds": 5.288041762499788, "accuracy": 0.46181706334868144}, "ase_b0_mean": {"log": -0.3686178396535748, "brier": -0.2644444444444444, "logodds": 6.645236007833811, "accuracy": 0.74}, "ase_b0_std": {"log": 0.6058713304346429, "brier": 0.4371004348241451, "logodds": 4.114242013426866, "accuracy": 0.4386342439892262}, "ase_b1_mean": {"log": -0.19368750698062365, "brier": -0.13847811071857896, "logodds": 6.60858947156478, "accuracy": 0.7332606113212615}, "ase_b1_std": {"log": 0.30601329690195317, "brier": 0.2203905115723743, "logodds": 4.11254413388286, "accuracy": 0.4371183778307793}, "ase_binf_mean": {"log": -3.508990251084354, "brier": -0.8591666666666667, "logodds": 0.003465735902799727, "accuracy": 0.37}, "ase_binf_std": {"log": 1.7628497409440989, "brier": 0.22997768947078542, "logodds": 0.6272252375212282, "accuracy": 0.2193171219946131}}