{"asd_mean": {"log": 5.71728149938063, "brier": 1.2483333333333333, "logodds": 11.356321538602693, "accuracy": 0.63}, "asd_std": {"log": 5.167888717186531, "brier": 1.1193983999353303, "logodds": 10.461384227628614, "accuracy": 0.577148161220323}, "jse_b0_mean": {"log": -0.8429918015635631, "brier": -0.3744444444444444, "logodds": 5.632109567466467, "accuracy": 0.68}, "jse_b0_std": {"log": 2.0132214512043918, "brier": 0.5751339081863275, "logodds": 5.3401503245447834, "accuracy": 0.466476151587624}, "jse_b1_mean": {"log": -0.6274495260052031, "brier": -0.2344441110888874, "logodds": 5.6628124155462585, "accuracy": 0.68}, "jse_b1_std": {"log": 1.8810740811392301, "brier": 0.442744410513753, "logodds": 5.262995770614684, "accuracy": 0.466476151587624}, "jse_binf_mean": {"log": -0.6132560968552966, "brier": -0.23194444444444443, "logodds": 5.678160769301346, "accuracy": 0.68}, "jse_binf_std": {"log": 1.8426447769634047, "brier": 0.43625042007125414, "logodds": 5.230692113814307, "accuracy": 0.466476151587624}, "ase_b0_mean": {"log": -0.38247978321477033, "brier": -0.27444444444444444, "logodds": 6.553133604164052, "accuracy": 0.73}, "ase_b0_std": {"log": 0.6130958462118407, "brier": 0.4423436460881606, "logodds": 4.158642042140552, "accuracy": 0.4439594576084623}, "ase_b1_mean": {"log": -0.20290605376562326, "brier": -0.14569566667407455, "logodds": 6.511899360025418, "accuracy": 0.719929777762962}, "ase_b1_std": {"log": 0.3117521428718501, "brier": 0.22472479350277844, "logodds": 4.162864958249934, "accuracy": 0.4414681858440013}, "ase_binf_mean": {"log": -3.4293108805885306, "brier": -0.8486111111111111, "logodds": 0.046051201834879235, "accuracy": 0.365}, "ase_binf_std": {"log": 1.7965798090775427, "brier": 0.23271661222383389, "logodds": 0.4582036728936616, "accuracy": 0.22197972880423114}}